Title,ISBN
Talent,9780738571461
"Historic Baker City, Oregon",9780738520704
Oregon State Penitentiary,9781467132213
Crater Lake National Park,9781467130943
Around Florence,9781467131520
Keizer,9781467132619
Oregon Asylum,9780738599885
Boring,9781467132107
St. Helens,9781467133418
Aloha-Reedville,9780738599526
Crook County,9781467130592
Mount Hood National Forest,9781467131209
Pacific Northwest's Whaling Coast,9781467132572
Myrtle Point and Vicinity: 1893-1950,9781467130981
Portland's Slabtown,9780738596297
Talent,9780738571461
"Historic Baker City, Oregon",9780738520704
Oregon State Penitentiary,9781467132213
Crater Lake National Park,9781467130943
Around Florence,9781467131520
Keizer,9781467132619
Oregon Asylum,9780738599885
Boring,9781467132107
St. Helens,9781467133418
Aloha-Reedville,9780738599526
Crook County,9781467130592
Mount Hood National Forest,9781467131209
Pacific Northwest's Whaling Coast,9781467132572
Myrtle Point and Vicinity: 1893-1950,9781467130981
Portland's Slabtown,9780738596297
Oregon's Capitol Buildings,9781467130257
Portland's Maritime History,9781467130844
Ashland,9780738571027
Vanishing Portland,9780738558301
Forest Grove,9780738581170
North Bend,9780738581354
Jacksonville,9780738580555
Cottage Grove,9780738580357
Salem,9780738571393
Portland's Goose Hollow,9780738574721
Harney County,9780738559223
Fort Stevens,9780738559339
Warrenton-Hammond,9780738571607
Vernonia,9780738580418
Bridges of the Oregon Coast,9780738548609
Oregon City,9780738548654
Theatres of Portland,9780738571478
Roseburg,9780738580319
Rogue River,9780738570914
Oregon's Covered Bridges,9780738558189
Bridges of Portland,9780738548760
Bend,9780738571843
Portland's Multnomah Village,9780738548906
Seaside: 1920-1950,9780738548944
Molalla,9780738556130
The Dory Fleet of Pacific City,9780738558134
Coos County,9780738548036
Portland's Woodlawn Neighborhood,9780738548203
Lighthouses and Lifesaving on the Oregon Coast,9780738548876
West Linn,9780738558509
Port Orford and North Curry County,9780738580883
Prineville,9780738548722
West Salem,9780738575872
Filipinos in the Willamette Valley,9780738581101
Rogue Valley Wine,9780738581361
Newberg,9780738581392
Newport,9780738581514
Shipwrecks of Coos County,9780738581576
Estacada,9780738589145
Lake Oswego,9780738570853
Oregon Shakespeare Festival,9780738570860
Redmond,9780738570891
Lincoln City and the Twenty Miracle Miles,9780738559315
Hillsboro,9780738571829
Camp Rilea,9781467132305
The Oregon State Fair,9780738548777
Portland Fire & Rescue,9780738548838
Silverton,9780738575339
Portland Rose Festival,9780738596143
McMinnville,9780738593159
Beaverton,9780738593302
Pendleton,9781467130004
The Oregon Air National Guard,9780738593128
Portland's Pearl District,9780738593241
Madras,9780738593258
Reedsport,9780738576046
Gold Hill,9780738581798
Coos Bay,9780738589176
USCG Air Station and Group Astoria,9780738589206
Troutdale,9780738593340
Myrtle Creek,9780738595771
Hood River,9780738596389
Astoria,9780738575278
African Americans of Portland,9780738596198
Dallas,9780738596228
Bandon,9780738596617
Gresham,9780738582061
Mt. Angel,9780738593333
Grants Pass,9780738595788
Medford,9780738574455
Woodburn,9780738576060
Eugene,9780738593234
Tualatin Valley Fire & Rescue,9780738593043
Sutherlin,9780738582047
Eagle Point,9780738593104
Gold Beach and South Curry County,9780738596150
Land of Umpqua,9780738574929
Tigard,9780738596952
"Sweet Home in Linn County: New Life, New Land",9780738520698
Sandy,9781467134330
Oregon City Floods,9781467133586
Fire Lookouts of Oregon,9781467134866
Oregon's Highway 99,9781467115346
Vanport,9781467134798
Cannon Beach,9781467134347
Canby,9781467117043
Josephine County,9781467115438
Timberline Lodge,9781467123860
Deschutes National Forest,9781467124669
Notable Women of Portland,9781467125055
